{"cameraMode":{"drawMode":0,"name":"Shaded","section":"Shading Mode"},"sceneLighting":false,"audioPlay":false,"sceneViewState":{"m_AlwaysRefresh":false,"showFog":true,"showSkybox":false,"showFlares":true,"showImageEffects":true,"showParticleSystems":true,"showVisualEffectGraphs":true,"m_FxEnabled":true},"in2DMode":false,"pivot":{"x":1.2382835149765015,"y":0.5425330996513367,"z":0.6452569961547852},"rotation":{"x":0.25207093358039858,"y":0.6391626596450806,"z":-0.23424960672855378,"w":0.6877250075340271},"size":1.960100769996643,"orthographic":false}