{"cameraMode":{"drawMode":0,"name":"Shaded","section":"Shading Mode"},"sceneLighting":false,"audioPlay":false,"sceneViewState":{"m_AlwaysRefresh":false,"showFog":true,"showSkybox":false,"showFlares":true,"showImageEffects":true,"showParticleSystems":true,"showVisualEffectGraphs":true,"m_FxEnabled":true},"in2DMode":false,"pivot":{"x":45.39791488647461,"y":-17.904193878173829,"z":46.746578216552737},"rotation":{"x":-0.6416789293289185,"y":0.010359389707446099,"z":-0.009209984913468361,"w":-0.7666463851928711},"size":21.78142547607422,"orthographic":false}