{"cameraMode":{"drawMode":0,"name":"Shaded","section":"Shading Mode"},"sceneLighting":false,"audioPlay":false,"sceneViewState":{"m_AlwaysRefresh":false,"showFog":true,"showSkybox":false,"showFlares":true,"showImageEffects":true,"showParticleSystems":true,"showVisualEffectGraphs":true,"m_FxEnabled":true},"in2DMode":false,"pivot":{"x":-15.502480506896973,"y":2.050858974456787,"z":-9.962530136108399},"rotation":{"x":0.01609429530799389,"y":-0.9168055653572083,"z":0.03715268895030022,"w":0.39727240800857546},"size":28.332061767578126,"orthographic":false}