{"cameraMode":{"drawMode":0,"name":"Shaded","section":"Shading Mode"},"sceneLighting":false,"audioPlay":false,"sceneViewState":{"m_AlwaysRefresh":false,"showFog":true,"showSkybox":false,"showFlares":true,"showImageEffects":true,"showParticleSystems":true,"showVisualEffectGraphs":true,"m_FxEnabled":true},"in2DMode":false,"pivot":{"x":13.327423095703125,"y":3.906991958618164,"z":-21.323389053344728},"rotation":{"x":-0.0007441620691679418,"y":-0.9977205395698547,"z":0.06383902579545975,"w":-0.011120587587356568},"size":9.944148063659668,"orthographic":false}